[
{"URL": "https://stackoverflow.com/questions/44970356/is-there-a-python-neural-network-library-without-bias", "Question": "Is there a Python Neural Network library without bias?"},
{"URL": "https://stackoverflow.com/questions/44970243/pyshark-live-capture", "Question": "Pyshark live capture"},
{"URL": "https://stackoverflow.com/questions/44970188/what-does-different-arguments-of-model-sumary-in-keras-python-mean", "Question": "What does different arguments of model.sumary() in keras python mean?"},
{"URL": "https://stackoverflow.com/questions/44970142/what-should-the-output-layer-of-my-cnn-look-like", "Question": "What should the output layer of my CNN look like?"},
{"URL": "https://stackoverflow.com/questions/44970138/how-can-i-mark-a-specific-conffile-for-overwriting-using-python-apt", "Question": "How can I mark a specific conffile for overwriting using Python APT?"},
{"URL": "https://stackoverflow.com/questions/44970128/django-reportlab-generates-empty-pdf", "Question": "Django Reportlab generates empty pdf"},
{"URL": "https://stackoverflow.com/questions/44970124/how-to-extract-useful-data-from-news-web-page-using-python", "Question": "How to extract useful data from news web page using Python? [on hold]"},
{"URL": "https://stackoverflow.com/questions/44970102/qtreeview-selection-broken-on-model-change-in-pyside", "Question": "QTreeview Selection broken on model change in PySide"},
{"URL": "https://stackoverflow.com/questions/44970069/python-could-not-import-the-module-virtualenvwrapper-hook-loader", "Question": "Python could not import the module virtualenvwrapper.hook_loader?"},
{"URL": "https://stackoverflow.com/questions/44970010/axes-class-set-explicitly-size-width-height-of-axes-in-given-units", "Question": "Axes class - set explicitly size (width/height) of axes in given units"},
{"URL": "https://stackoverflow.com/questions/44969968/python-appended-character-gets-lost", "Question": "Python - appended character gets lost"},
{"URL": "https://stackoverflow.com/questions/44969952/error-run-scrapy-after-install-docker", "Question": "Error run scrapy after install docker"},
{"URL": "https://stackoverflow.com/questions/44969924/querying-mssql-server-2012-from-a-raspberry-pi-3-using-python-freetds-and-pyodb", "Question": "Querying MSSQL server 2012 from a Raspberry Pi 3 using Python, FreeTDS and pyodbc"},
{"URL": "https://stackoverflow.com/questions/44949292/is-there-a-difference-between-activations-functions-in-tensorflow-tf-nn-tanh-vs", "Question": "Is there a difference between activations functions in tensorflow? tf.nn.tanh vs tf.tanh"},
{"URL": "https://stackoverflow.com/questions/44918438/valueerror-chunks-and-shape-must-be-of-the-same-length-dimension", "Question": "ValueError: Chunks and shape must be of the same length/dimension"},
{"URL": "https://stackoverflow.com/questions/44969915/how-can-i-configure-exuberant-ctags-to-ignore-python-keyword-arguments", "Question": "How can I configure exuberant-ctags to ignore python keyword arguments?"},
{"URL": "https://stackoverflow.com/questions/44969857/pandas-datastream-simple-operations", "Question": "Pandas datastream simple operations"},
{"URL": "https://stackoverflow.com/questions/44949058/tensorflow-model-for-image-similarity-detection", "Question": "Tensorflow Model for Image similarity detection"},
{"URL": "https://stackoverflow.com/questions/44918222/can-anybody-help-me-to-recommend-appropriate-algorithms-to-find-the-distance-sim", "Question": "Can anybody help me to recommend appropriate algorithms to find the distance/similarity among the user tags?"},
{"URL": "https://stackoverflow.com/questions/44918180/how-does-zca-whitening-affect-the-training", "Question": "How does ZCA whitening affect the training?"},
{"URL": "https://stackoverflow.com/questions/44917113/how-to-make-align-file", "Question": "How to make align file?"},
{"URL": "https://stackoverflow.com/questions/44969843/buildozer-building-an-android-kivy-app-returns-command-failed", "Question": "Buildozer building an Android Kivy app returns Command failed"},
{"URL": "https://stackoverflow.com/questions/44947767/train-a-text-model-to-predict-true-or-false", "Question": "Train a text model to predict true or false"},
{"URL": "https://stackoverflow.com/questions/44947619/facenet-for-dummies", "Question": "FaceNet for dummies"},
{"URL": "https://stackoverflow.com/questions/44916914/weka-j48-classification-not-following-tree", "Question": "Weka J48 classification not following tree"},
{"URL": "https://stackoverflow.com/questions/44969835/plot-a-graph-using-python2-7-for-a-program-starting-and-ending-at-various-timest", "Question": "Plot a graph using python2.7 for a program starting and ending at various timestamps"},
{"URL": "https://stackoverflow.com/questions/44969833/how-does-lstm-in-keras-access-the-input", "Question": "How does LSTM in Keras access the input?"},
{"URL": "https://stackoverflow.com/questions/44969815/python-log-reader", "Question": "Python log reader"},
{"URL": "https://stackoverflow.com/questions/44947373/impute-missing-values-machine-learning-algorithm", "Question": "Impute missing values - Machine Learning algorithm"},
{"URL": "https://stackoverflow.com/questions/44916868/how-to-convert-the-following-pkl-file-into-a-core-ml-model", "Question": "How to Convert the following .pkl file into a Core ML model"},
{"URL": "https://stackoverflow.com/questions/44916703/tensorflow-simple-feed-forward-nn-not-training", "Question": "TensorFlow - Simple Feed Forward NN not training"},
{"URL": "https://stackoverflow.com/questions/44969800/ignore-non-existing-attributes-in-config-file-parser-python", "Question": "Ignore non existing attributes in config file parser python"},
{"URL": "https://stackoverflow.com/questions/44947231/how-to-feed-a-tensorarray-to-a-tensorflow-session", "Question": "How to feed a TensorArray to a TensorFlow session"},
{"URL": "https://stackoverflow.com/questions/44947104/mxnet-label-shapes-dont-match-names-specified-by-label-names", "Question": "MxNet: label_shapes don't match names specified by label_names"},
{"URL": "https://stackoverflow.com/questions/44916391/how-to-get-or-see-xgboosts-gradient-statistics-value", "Question": "How to get or see xgboost's gradient statistics value?"},
{"URL": "https://stackoverflow.com/questions/44969798/merging-columns-of-a-data-frame-based-on-a-predicate-in-pandas", "Question": "Merging columns of a data frame based on a predicate in pandas"},
{"URL": "https://stackoverflow.com/questions/44969784/pandas-transform-columns-to-cells", "Question": "Pandas: Transform columns to cells"},
{"URL": "https://stackoverflow.com/questions/44946827/what-is-the-best-way-to-use-latitude-and-longitude-features-in-building-a-machin", "Question": "What is the best way to use Latitude and Longitude features in building a Machine Learning models?"},
{"URL": "https://stackoverflow.com/questions/44915284/why-does-my-implementation-of-linear-regression-in-tensorflow-done-on-ames-housi", "Question": "Why does my implementation of linear regression in Tensorflow done on Ames Housing dataset converge very very slowly?"},
{"URL": "https://stackoverflow.com/questions/44915145/coursera-ml-does-the-choice-of-optimization-algorithm-affect-the-accuracy-of-m", "Question": "Coursera ML - Does the choice of optimization algorithm affect the accuracy of multiclass logistic regression?"},
{"URL": "https://stackoverflow.com/questions/44915004/scoring-predictions-in-sklearn-python-machine-learning", "Question": "Scoring predictions in sklearn (Python machine learning)"},
{"URL": "https://stackoverflow.com/questions/44969776/kerastheano-error-while-gpu", "Question": "Keras(theano) error while gpu"},
{"URL": "https://stackoverflow.com/questions/44946588/keras-lstm-model-input-and-output-dimensions-mismatch", "Question": "keras LSTM model input and output dimensions mismatch"},
{"URL": "https://stackoverflow.com/questions/44945850/installing-data-science-packages-to-vanilla-python", "Question": "Installing data science packages to vanilla python"},
{"URL": "https://stackoverflow.com/questions/44914667/fitting-parameters-to-the-mackey-glass-equation", "Question": "Fitting parameters to the Mackey-Glass Equation?"},
{"URL": "https://stackoverflow.com/questions/44969743/pandas-insert-value-into-dataframe-with-loc", "Question": "Pandas insert value into dataframe with loc"},
{"URL": "https://stackoverflow.com/questions/44969680/cant-import-modules-importerror-no-module-named", "Question": "Can't import modules - ImportError: No module named"},
{"URL": "https://stackoverflow.com/questions/44945809/having-trouble-structuring-tensorflow-model-class", "Question": "Having trouble structuring tensorflow model class"},
{"URL": "https://stackoverflow.com/questions/44914194/anomaly-detection-between-similar-in-family-graphs-starting-at-different-times", "Question": "Anomaly detection between similar (in family) graphs starting at different times"},
{"URL": "https://stackoverflow.com/questions/44914182/unexpected-coefficients-from-spark-multinomial-logistic-regression", "Question": "Unexpected coefficients from Spark multinomial Logistic Regression"},
{"URL": "https://stackoverflow.com/questions/44969674/remove-title-bar-in-python-3-tkinter-toplevel", "Question": "Remove title bar in Python 3 Tkinter Toplevel"},
{"URL": "https://stackoverflow.com/questions/44945313/how-to-config-hidden-layers-in-dnnclassifier", "Question": "How to config Hidden Layers in DNNClassifier"},
{"URL": "https://stackoverflow.com/questions/44942551/anomaly-detection-with-machine-learning-without-labels", "Question": "Anomaly detection with machine learning without labels"},
{"URL": "https://stackoverflow.com/questions/44913116/encong-is-it-possible-a-field-just-informative", "Question": "Encong: Is it possible a field just informative?"},
{"URL": "https://stackoverflow.com/questions/44969663/gtk-notebook-call-function-every-time-a-certain-tab-is-selected", "Question": "Gtk Notebook call function every time a certain tab is selected"},
{"URL": "https://stackoverflow.com/questions/44969653/how-pass-parameters-to-jmes-path-expression-in-python", "Question": "How Pass parameters to JMES path expression in python"},
{"URL": "https://stackoverflow.com/questions/44942285/my-double-dqn-algorithm-for-2048-game-never-learns", "Question": "My Double DQN algorithm for 2048 game never learns"},
{"URL": "https://stackoverflow.com/questions/44912525/how-can-i-use-sequentialfs-to-know-the-most-important-features-in-my-dataset", "Question": "How can i use sequentialfs to know the most important features in my dataset?"},
{"URL": "https://stackoverflow.com/questions/44912332/btyd-palive-function", "Question": "BTYD PAlive function"},
{"URL": "https://stackoverflow.com/questions/44969608/having-trouble-with-infinite-while-loop-and-label-update-python-appjar", "Question": "Having trouble with infinite while loop and label update (Python AppJar)"},
{"URL": "https://stackoverflow.com/questions/44942236/not-initialized-variable-in-tensorflow", "Question": "Not initialized variable in tensorflow"},
{"URL": "https://stackoverflow.com/questions/44941569/algorithms-for-friend-recommendations-in-social-networking", "Question": "Algorithms for friend recommendations in social networking [on hold]"},
{"URL": "https://stackoverflow.com/questions/44911378/getting-started-with-keras-for-machine-learning", "Question": "Getting started with Keras for machine learning"},
{"URL": "https://stackoverflow.com/questions/44969606/assigning-figures-to-a-variable-with-an-operator", "Question": "Assigning Figures to a Variable with an operator"},
{"URL": "https://stackoverflow.com/questions/44969589/how-to-extract-code-examples-from-web-pages-with-python-and-beautifulsoup", "Question": "How to extract code examples from web pages with python and BeautifulSoup"},
{"URL": "https://stackoverflow.com/questions/44969583/typeerror-unbound-method-init-in-ipython-using-autoreload", "Question": "TypeError: unbound method __init__() in ipython using autoreload"},
{"URL": "https://stackoverflow.com/questions/44941010/understanding-relative-sizes-using-machine-learning", "Question": "Understanding relative sizes using Machine Learning?"},
{"URL": "https://stackoverflow.com/questions/44910388/azure-ml-studio-terrible-performance", "Question": "azure ML studio terrible performance"},
{"URL": "https://stackoverflow.com/questions/44909134/how-to-avoid-overfitting-on-a-simple-feed-forward-network", "Question": "How to avoid overfitting on a simple feed forward network"},
{"URL": "https://stackoverflow.com/questions/44969501/amazon-vat-transaction-report-amazon-aws-api-calling", "Question": "Amazon Vat Transaction Report - Amazon AWS Api calling"},
{"URL": "https://stackoverflow.com/questions/44940377/mnist-x-is-just-a-placeholder-how-is-data-from-mnist-going-into-the-placehold", "Question": "MNIST: x is just a placeholder , How is data from MNIST going into the placeholder x?"},
{"URL": "https://stackoverflow.com/questions/44940437/tensor-momentumoptimizer", "Question": "Tensor MomentumOptimizer"},
{"URL": "https://stackoverflow.com/questions/44908476/tensorflow-model-adversarial-text-doesnt-seem-to-work-for-rcv1-like-dataset", "Question": "Tensorflow model adversarial_text doesn't seem to work for rcv1 like dataset"},
{"URL": "https://stackoverflow.com/questions/44969480/python-collapse-groups-of-strings", "Question": "Python - Collapse Groups of strings"},
{"URL": "https://stackoverflow.com/questions/44969450/cartopy-subsetting-features-for-plotting-a-specific-river", "Question": "Cartopy: subsetting features for plotting a specific river"},
{"URL": "https://stackoverflow.com/questions/44939604/tools-or-and-tagging-images", "Question": "Tools or and tagging images?"},
{"URL": "https://stackoverflow.com/questions/44939210/tensorflow-randomforest-vs-deep-learning", "Question": "TensorFlow RandomForest vs Deep learning"},
{"URL": "https://stackoverflow.com/questions/44908416/how-to-make-new-predictions-with-tensorflow-model", "Question": "How to make new predictions with tensorflow model? [on hold]"},
{"URL": "https://stackoverflow.com/questions/44908255/visual-studio-issue-when-im-adding-the-statement-from-sklearn-import-prepro", "Question": "\u201cVisual Studio issue\u201d: When I'm adding the statement \u201cfrom sklearn import preprocessing\u201d the program learns endlessly in Visual Studio"},
{"URL": "https://stackoverflow.com/questions/44969442/robotframework-phantomjs-error", "Question": "Robotframework + phantomjs error"},
{"URL": "https://stackoverflow.com/questions/44939209/good-resources-for-finding-intents-from-strings-using-nlp", "Question": "Good resources for finding intents from strings using NLP"},
{"URL": "https://stackoverflow.com/questions/44937157/comparing-hdbscan-labels-with-soft-cluster-results", "Question": "Comparing HDBSCAN labels with soft cluster results"},
{"URL": "https://stackoverflow.com/questions/44908077/naive-bayesian-classifier-implementtion-in-python", "Question": "Naive Bayesian Classifier Implementtion In Python"},
{"URL": "https://stackoverflow.com/questions/44969432/how-to-load-of-a-mongoengine-document-containing-referencefield-from-kwargs", "Question": "How to load of a Mongoengine document containing ReferenceField from kwargs"},
{"URL": "https://stackoverflow.com/questions/44969389/upload-images-with-django", "Question": "Upload images with Django"},
{"URL": "https://stackoverflow.com/questions/44937007/tensorflow-linearclassifier-always-guesses-negative-class", "Question": "Tensorflow LinearClassifier() always guesses negative class"},
{"URL": "https://stackoverflow.com/questions/44907746/when-to-use-supervised-or-unsupervised-learning", "Question": "When to use supervised or unsupervised learning?"},
{"URL": "https://stackoverflow.com/questions/44907562/how-to-compute-the-number-of-filters-and-their-size-with-tensorflow-in-convoluti", "Question": "How to compute the number of filters and their size with tensorflow in Convolutional neural network?"},
{"URL": "https://stackoverflow.com/questions/44969383/while-loop-condition-needs-to-check-if-dictionary-contains-items-and-return-to-m", "Question": "while loop condition needs to check if dictionary contains items and return to main menu if not"},
{"URL": "https://stackoverflow.com/questions/44936983/why-is-rmsprop-considered-leaky", "Question": "Why is RMSProp considered \u201cleaky\u201d?"},
{"URL": "https://stackoverflow.com/questions/44935473/creating-anomaly-detection-using-machine-learning", "Question": "Creating anomaly detection using machine learning"},
{"URL": "https://stackoverflow.com/questions/44907523/r-calculate-difference-between-similar-datasets", "Question": "R - Calculate difference between similar datasets"},
{"URL": "https://stackoverflow.com/questions/44969374/how-to-assign-colors-according-to-median-value-in-box-plot", "Question": "How to assign colors according to median value in box plot?"},
{"URL": "https://stackoverflow.com/questions/44969346/configparser-removes-quotes-from-empty-values", "Question": "ConfigParser removes quotes from empty values"},
{"URL": "https://stackoverflow.com/questions/44935073/wekas-class-has-to-be-nominal-if-cost-matrix-given-error", "Question": "WEKA's \u201cClass has to be nominal if cost matrix given\u201d error"},
{"URL": "https://stackoverflow.com/questions/44907377/what-is-epoch-in-keras-models-model-fit", "Question": "What is \u201cepoch\u201d in keras.models.Model.fit?"},
{"URL": "https://stackoverflow.com/questions/44906588/using-relu-activation-function-destroys-the-model", "Question": "Using relu activation function destroys the model"},
{"URL": "https://stackoverflow.com/questions/44969302/aws-iot-store-temperature-to-dynamodb", "Question": "AWS IOT store temperature to DynamoDB"},
{"URL": "https://stackoverflow.com/questions/44934040/how-to-call-modelcheckpoint-or-any-callback-explicitly-in-keras", "Question": "How to call ModelCheckpoint (or any callback) explicitly in Keras?"},
{"URL": "https://stackoverflow.com/questions/44933555/machine-learning-how-to-convert-images-to-idx-formate-to-train-a-network", "Question": "Machine learning ::how to convert images to idx formate to train a network?"},
{"URL": "https://stackoverflow.com/questions/44905170/exception-ignored-in-function-weakvaluedictionary", "Question": "Exception ignored in: <function WeakValueDictionary"},
{"URL": "https://stackoverflow.com/questions/44969289/import-error-for-matplotlib-pyplot", "Question": "Import error for matplotlib.pyplot"},
{"URL": "https://stackoverflow.com/questions/44969269/tensorflow-weird-broadcasting-behavior", "Question": "Tensorflow: Weird broadcasting behavior"},
{"URL": "https://stackoverflow.com/questions/44933170/web-service-expects-the-label-column-in-the-input-dataset", "Question": "web service expects the label column in the input dataset"},
{"URL": "https://stackoverflow.com/questions/44932870/trained-tensorflow-model-always-outputs-zero", "Question": "Trained TensorFlow model always outputs zero"},
{"URL": "https://stackoverflow.com/questions/44904420/incorrect-class-prediction-using-weka", "Question": "Incorrect class prediction using Weka"},
{"URL": "https://stackoverflow.com/questions/44903535/matching-tv-and-movie-file-names-with-nlp-machine-learning", "Question": "Matching TV and Movie File names with NLP/Machine Learning?"},
{"URL": "https://stackoverflow.com/questions/44969231/advice-in-caching-for-python", "Question": "Advice in caching for python"},
{"URL": "https://stackoverflow.com/questions/44932469/optimizer-tuning-in-sklearn-gaussian-process-regressor", "Question": "Optimizer Tuning in sklearn Gaussian Process Regressor"},
{"URL": "https://stackoverflow.com/questions/44931431/links-for-hands-on-data-mining-neural-network-tutorials-for-a-computer-enginee", "Question": "Links for hands-on data mining / neural network tutorials for a computer engineering student? (Beginner at data sciences) [on hold]"},
{"URL": "https://stackoverflow.com/questions/44903503/keras-lstm-injecting-already-known-future-values-into-prediction", "Question": "Keras LSTM: Injecting already-known *future* values into prediction"},
{"URL": "https://stackoverflow.com/questions/44969160/sh-error-cant-open-display-when-i-try-to-start-a-program-from-python", "Question": "\u201csh: Error: Can't open display\u201d when I try to start a program from python"},
{"URL": "https://stackoverflow.com/questions/44969094/noreversematch-at-booking-in-django", "Question": "NoReverseMatch at /booking in django"},
{"URL": "https://stackoverflow.com/questions/44968992/found-input-variables-with-inconsistent-numbers-of-samples-when-fitting-logistic", "Question": "Found input variables with inconsistent numbers of samples when fitting LogisticRegression"},
{"URL": "https://stackoverflow.com/questions/44931216/tensorflow-image-reading-queue-empty", "Question": "TensorFlow image reading queue empty"},
{"URL": "https://stackoverflow.com/questions/44903189/what-does-graph-argument-in-tf-session-do", "Question": "What does graph argument in tf.Session() do?"},
{"URL": "https://stackoverflow.com/questions/44903048/feature-selection-in-multiclass-logistic-regression-in-python", "Question": "feature selection in multiclass logistic regression in python"},
{"URL": "https://stackoverflow.com/questions/44968987/loop-through-an-array-column-in-order-to-find-the-required-values-python", "Question": "Loop through an array column in order to find the required values python"},
{"URL": "https://stackoverflow.com/questions/44930905/can-i-retrain-inceptions-final-layer-using-depth-images-from-kinect", "Question": "Can i Retrain Inception's Final Layer using depth images from Kinect.?"},
{"URL": "https://stackoverflow.com/questions/44902730/email-address-prediction", "Question": "Email Address Prediction"},
{"URL": "https://stackoverflow.com/questions/44902723/spark-streaming-best-way-to-split-input-stream-based-on-filter-param", "Question": "Spark Streaming - Best way to Split Input Stream based on filter Param"},
{"URL": "https://stackoverflow.com/questions/44968976/write-a-function-called-circle-that-takes-a-turtle-t-and-radius-r-as-param", "Question": "Write a function called circle that takes a turtle, t, and radius, r, as param"},
{"URL": "https://stackoverflow.com/questions/44929524/azure-machine-learning-retrain-default-endpoint-from-c-sharp-code", "Question": "azure machine learning retrain default endpoint from C# code"},
{"URL": "https://stackoverflow.com/questions/44929055/generate-meaningful-image-description-based-on-image-labels", "Question": "Generate meaningful image description based on image labels"},
{"URL": "https://stackoverflow.com/questions/44902172/how-to-overcome-low-loss-after-very-few-epochs-in-keras-lstm-rnn", "Question": "How to overcome low loss after very few epochs in Keras LSTM RNN?"},
{"URL": "https://stackoverflow.com/questions/44901135/in-classification-how-do-you-validate-the-model-in-case-of-imbalanced-data-set", "Question": "In classification, how do you validate the model in case of imbalanced data set?"},
{"URL": "https://stackoverflow.com/questions/44928550/counting-multiple-instances-of-an-object-in-an-image-using-machine-learning", "Question": "Counting multiple instances of an object in an image using machine learning"},
{"URL": "https://stackoverflow.com/questions/44900549/dealing-with-text-categorical-data-in-dataset", "Question": "dealing with text categorical data in dataset"},
{"URL": "https://stackoverflow.com/questions/44899523/how-to-calculate-distance-similarity-for-a-hierarchical-tensor", "Question": "How to calculate distance/similarity for a hierarchical tensor?"},
{"URL": "https://stackoverflow.com/questions/44928110/error-with-the-limits-library-visual-c", "Question": "error with the limits library visual c++"},
{"URL": "https://stackoverflow.com/questions/44898931/algorithms-for-email-adress-prediction", "Question": "Algorithms for email adress prediction [on hold]"},
{"URL": "https://stackoverflow.com/questions/44897394/count-number-of-rows-for-a-timestamp", "Question": "count number of rows for a timestamp"},
{"URL": "https://stackoverflow.com/questions/44925991/categorical-classification-of-tweets", "Question": "categorical classification of tweets"},
{"URL": "https://stackoverflow.com/questions/44896719/using-a-tensorflow-pb-graph-as-a-keras-model", "Question": "Using a TensorFlow .pb graph as a Keras Model"},
{"URL": "https://stackoverflow.com/questions/44896453/training-a-neural-network-to-compute-xor-in-scikit-learn", "Question": "Training a neural network to compute 'XOR' in scikit-learn"},
{"URL": "https://stackoverflow.com/questions/44896433/handling-tensorflow-session-in-a-class", "Question": "Handling tensorflow session in a class"},
{"URL": "https://stackoverflow.com/questions/44923771/add-new-item-in-a-recommender-system", "Question": "add new item in a recommender system"},
{"URL": "https://stackoverflow.com/questions/44896288/how-to-use-tf-reset-default-graph", "Question": "How to use tf.reset_default_graph()"},
{"URL": "https://stackoverflow.com/questions/44896153/need-of-help-in-understanding-angluins-algorithm-automata-learning", "Question": "Need of help in understanding Angluin's Algorithm\u2026Automata Learning [on hold]"},
{"URL": "https://stackoverflow.com/questions/44922749/suggestion-on-speeding-up-xgboost-fitting-in-python", "Question": "Suggestion on speeding up XGBoost Fitting in Python"},
{"URL": "https://stackoverflow.com/questions/44922547/influence-of-c-parameter-on-training-time-of-svm", "Question": "Influence of C parameter on training time of SVM"},
{"URL": "https://stackoverflow.com/questions/44895907/list-index-out-of-range-in-perceptron-example", "Question": "List index out of range in perceptron example"},
{"URL": "https://stackoverflow.com/questions/44895824/reparameterization-trick-for-other-non-normal-distributions-example-tensorflow", "Question": "Reparameterization trick for other non-normal distributions? (Example tensorflow code?)"},
{"URL": "https://stackoverflow.com/questions/44921058/cant-fit-data-to-3d-convolutional-u-net-keras", "Question": "Can't fit data to 3d convolutional U-net Keras"},
{"URL": "https://stackoverflow.com/questions/44920978/how-to-make-prediction-for-a-tensor-flow-model", "Question": "How to make prediction for a tensor flow model?"},
{"URL": "https://stackoverflow.com/questions/44919761/random-forest-how-can-i-predict-one-value-of-a-parameter", "Question": "Random Forest how can I predict one value of a parameter"},
{"URL": "https://stackoverflow.com/questions/44919621/how-do-you-train-lstms-on-time-series-data-with-too-many-time-steps", "Question": "How do you train LSTMs on time series data with too many time steps?"},
{"URL": "https://stackoverflow.com/questions/44919338/do-generative-adversarial-networks-require-class-labels", "Question": "Do generative adversarial networks require class labels?"},
{"URL": "https://stackoverflow.com/questions/44918541/machine-learning-directional-forecast", "Question": "Machine Learning Directional Forecast [on hold]"},
{"URL": "https://stackoverflow.com/questions/44918516/is-it-possible-to-train-machine-learning-model-on-multiple-cores-in-python", "Question": "Is it possible to train machine learning model on multiple cores in python? [on hold]"}
]