[
{"director": "Frank Darabont", "Movie": "The Shawshank Redemption\u00a0"},
{"director": "Sidney Lumet", "Movie": "12 Angry Men\u00a0"},
{"director": "Francis Ford Coppola", "Movie": "The Godfather: Part II\u00a0"},
{"director": "Steven Spielberg", "Movie": "Schindler's List\u00a0"},
{"director": "Sergio Leone", "Movie": "The Good, the Bad and the Ugly\u00a0"},
{"director": "Quentin Tarantino", "Movie": "Pulp Fiction\u00a0"},
{"director": "Francis Ford Coppola", "Movie": "The Godfather\u00a0"},
{"director": "Christopher Nolan", "Movie": "The Dark Knight\u00a0"},
{"director": "Peter Jackson", "Movie": "The Lord of the Rings: The Return of the King\u00a0"},
{"director": "David Fincher", "Movie": "Fight Club\u00a0"}
]